timestamp,module,agent,step,status,details
2026-06-26 13:58:44.841604,01_agentic_ai,ArchitectureAgent,Input recived,SUCCESS,"
    We are building a customer invoice portal using Python FastAPI backend, React frontend, PostgresSQL database, and Azure App Service. 
    Users can view invoices, download PDFs and make payments.    
    "
2026-06-26 14:18:17.082579,01_agentic_ai,ArchitectureAgent,Input recived,SUCCESS,"
    We are building a customer invoice portal using Python FastAPI backend, React frontend, PostgresSQL database, and Azure App Service. 
    Users can view invoices, download PDFs and make payments.    
    "
2026-06-26 14:18:21.952006,01_agentic_ai,ArchitectureAgent,Review completed,SUCCESS,"Architecture Summary:
- Backend: Python FastAPI
- Frontend: React
- Database: PostgreSQL
- Hosting: Azure App Service
- Features: Invoice viewing, PDF download, payment processing

Risk:
- Security: Sensitive financial data and payment processing require robust security controls. No mention of authentication, authorization, or encryption. Payment integration details are missing.
- Scalability: Azure App Service supports scaling, but FastAPI and PostgreSQL need proper configuration for concurrent users and peak loads.
- Observability: No mention of logging, monitoring, or error tracking.
- Maintainability: No details on CI/CD, API versioning, or dependency management.
- Compliance: Handling payments may require PCI DSS compliance; no mention of compliance measures.

Recommendations:
1. Security:
   - Implement OAuth2 or OpenID Connect for authentication and role-based access control.
   - Use HTTPS everywhere; ensure TLS termination at Azure App Service.
   - Encrypt sensitive data at rest and in transit.
   - Integrate with secure payment gateways (Stripe, PayPal) and avoid storing card data.
   - Regularly update dependencies and scan for vulnerabilities.
2. Scalability:
   - Configure Azure App Service autoscaling.
   - Use Azure Database for PostgreSQL with read replicas for high availability.
   - Implement caching (Redis/Azure Cache) for frequently accessed data.
3. Observability:
   - Integrate Azure Monitor and Application Insights for logging, metrics, and alerting.
   - Set up centralized error tracking (Sentry, Azure Monitor).
   - Log payment events and access logs for auditing.
4. Maintainability:
   - Establish CI/CD pipelines (Azure DevOps/GitHub Actions).
   - Use API versioning for backward compatibility.
   - Document API endpoints and business logic.
   - Containerize FastAPI app for portability.
5. Compliance:
   - Ensure payment flows are PCI DSS compliant.
   - Review GDPR/CCPA requirements for customer data.
   - Conduct regular security audits and penetration testing.

Final Decision:
Architecture is promising but incomplete for enterprise use. Must address security, observability, scalability, and compliance concerns before approval. Proceed with improvements as recommended."
2026-06-26 14:48:08.737570,01_agentic_ai,ArchitectureAgent,Input recived,SUCCESS,"
    We are building a customer invoice portal using Python FastAPI backend, React frontend, PostgresSQL database, and Azure App Service. 
    Users can view invoices, download PDFs and make payments.    
    "
2026-06-26 14:48:14.053628,01_agentic_ai,ArchitectureAgent,Review completed,SUCCESS,"Architecture Summary:
- Backend: Python FastAPI (REST API)
- Frontend: React (SPA)
- Database: PostgreSQL
- Hosting: Azure App Service
- Features: Invoice viewing, PDF download, payment processing

Risk:
- Security: Sensitive financial data (invoices, payments) requires strong authentication and authorization. Payment processing needs PCI compliance. PDF downloads may be vulnerable to injection or unauthorized access.
- Scalability: Azure App Service can scale, but database bottlenecks and payment gateway throughput need consideration.
- Observability: No mention of logging, monitoring, or alerting for backend/frontend or payment failures.
- Maintainability: No mention of CI/CD, automated testing, or API versioning.
- Enterprise Concerns: No mention of backup/restore, disaster recovery, GDPR compliance, or role-based access control.

Recommandations:
1. Security:
   - Implement OAuth2/OpenID Connect for authentication (Azure AD or similar).
   - Enforce role-based access control (RBAC) for invoice and payment endpoints.
   - Use HTTPS everywhere; configure Azure App Service for TLS.
   - Sanitize and validate all inputs, especially for PDF generation/download.
   - Integrate with a PCI-compliant payment provider (Stripe, PayPal, etc.).
   - Store sensitive data encrypted at rest (PostgreSQL Transparent Data Encryption).
2. Scalability:
   - Enable Azure App Service autoscaling.
   - Use Azure Database for PostgreSQL with read replicas if needed.
   - Cache frequently accessed invoice data (Azure Redis Cache).
3. Observability:
   - Integrate Azure Application Insights for backend/frontend monitoring.
   - Set up centralized logging (Azure Log Analytics).
   - Implement alerting for payment failures, high latency, and errors.
4. Maintainability:
   - Set up CI/CD pipelines (Azure DevOps or GitHub Actions).
   - Write unit/integration tests for backend and frontend.
   - Use API versioning in FastAPI.
   - Document API and deployment procedures.
5. Enterprise Concerns:
   - Implement regular database backups and test restore procedures.
   - Ensure GDPR compliance (data deletion, consent, audit logs).
   - Plan for disaster recovery (geo-redundant storage, failover).
   - Provide admin portal for user and invoice management.

Final Decision:
Architecture is sound for MVP, but missing key enterprise-grade security, scalability, observability, and maintainability features. Must address above recommendations before production deployment."
2026-06-26 15:29:44.754133,02_multi_agent,ComplianceAgent,Started,SUCCESS,Agent started review
2026-06-26 15:29:44.759133,02_multi_agent,SecurityAgent,Started,SUCCESS,Agent started review
2026-06-26 15:29:51.375097,02_multi_agent,ComplianceAgent,Completed,SUCCESS,"Compliance Risks

1. Customer Data Handling
   - Sensitive patient records (PHI) are stored; risk of unauthorized access, data leakage, or improper transmission.
   - Data flows between frontend, backend, cache, and storage must be protected (encryption in transit and at rest).
   - Risk of improper access controls, especially in cache (Redis) and storage (Azure Blob).

2. Policy Violations
   - Potential violation of HIPAA, GDPR, or local healthcare data regulations if data is not handled according to requirements.
   - Risk of storing data in regions not permitted by policy (Azure region selection).
   - Lack of audit trails for data access and modification.

3. Audit Requirements
   - Risk of insufficient logging and audit trails for access to patient records and appointment history.
   - No mention of audit log retention or protection against tampering.

4. Data Retention
   - Risk of non-compliance with data retention and deletion policies (e.g., keeping data longer than permitted, or failing to delete upon request).
   - No clear policy for backup, archival, and secure deletion.

5. Enterprise Governance
   - Risk of lack of role-based access control (RBAC) and segregation of duties.
   - Potential gaps in monitoring, incident response, and policy enforcement across cloud services.

Mandatory Controls

1. Data Protection
   - Encrypt all patient data at rest (PostgreSQL, Azure Blob Storage, Redis if persistent).
   - Use TLS/SSL for all data in transit between frontend, backend, cache, and storage.
   - Implement strong authentication and authorization (RBAC) for all services.

2. Access Control
   - Enforce least privilege access for users and service accounts.
   - Use Azure Managed Identities for secure access to Blob Storage.
   - Restrict access to Redis and PostgreSQL via network controls and firewall rules.

3. Audit & Logging
   - Enable detailed audit logging for all access to patient records and appointment history.
   - Store logs securely, protect from tampering, and retain according to regulatory requirements.
   - Regularly review logs for suspicious activity.

4. Data Retention & Deletion
   - Define and implement data retention policies compliant with healthcare regulations.
   - Provide mechanisms for secure deletion of patient records upon request or expiration.
   - Ensure backups are encrypted and deleted according to retention policy.

5. Policy Compliance
   - Ensure platform is HIPAA-compliant (if US), GDPR-compliant (if EU), or meets local healthcare data laws.
   - Document data flows and ensure all third-party services (Azure, Redis) are covered by Business Associate Agreements (BAA) if required.
   - Regularly review and update compliance policies.

6. Enterprise Governance
   - Implement RBAC and segregation of duties for administrative functions.
   - Use Azure Policy and monitoring tools to enforce governance.
   - Establish incident response procedures for data breaches or policy violations.

Summary:  
Your platform must implement strong encryption, access controls, audit logging, data retention/deletion policies, and regulatory compliance checks. Failure to do so risks regulatory fines, data breaches, and loss of trust."
2026-06-26 15:29:52.901667,02_multi_agent,SecurityAgent,Completed,SUCCESS,"**Security Review of Proposed Solution**

**1. Authentication**

**Issues:**
- No mention of authentication method (e.g., OAuth2, OpenID Connect, custom JWT).
- No mention of password storage practices or MFA.

**Recommendations:**
- Use industry-standard authentication (e.g., OAuth2 with OpenID Connect).
- Store passwords securely (bcrypt/argon2).
- Implement Multi-Factor Authentication (MFA) for sensitive actions.
- Ensure secure session management (short-lived tokens, refresh tokens).

---

**2. Authorization**

**Issues:**
- No mention of role-based access control (RBAC) or attribute-based access control (ABAC).
- No details on how access to patient records is restricted.

**Recommendations:**
- Implement RBAC (e.g., patient, doctor, admin roles).
- Enforce least privilege principle.
- Validate authorization at backend endpoints (not just frontend).
- Audit authorization failures.

---

**3. Secret Management**

**Issues:**
- No mention of how secrets (DB credentials, API keys) are stored.
- Risk of secrets in code or environment variables.

**Recommendations:**
- Use Azure Key Vault for secret storage.
- Rotate secrets regularly.
- Never store secrets in code or public repositories.
- Limit access to secrets (principle of least privilege).

---

**4. Data Protection**

**Issues:**
- No mention of encryption for data at rest or in transit.
- Patient records are highly sensitive (HIPAA/GDPR).

**Recommendations:**
- Encrypt data at rest (PostgreSQL, Azure Blob Storage).
- Use TLS 1.2+ for all data in transit (frontend-backend, backend-DB, backend-Blob Storage).
- Mask sensitive data in logs and responses.
- Implement database-level encryption for PHI.

---

**5. API Security**

**Issues:**
- No mention of input validation, rate limiting, or API authentication.
- Risk of injection attacks, abuse, or unauthorized access.

**Recommendations:**
- Validate and sanitize all inputs (prevent SQLi, XSS).
- Use API authentication (JWT, OAuth2).
- Implement rate limiting and throttling.
- Use HTTPS for all API endpoints.
- Monitor for suspicious API activity.

---

**6. Audit Logging**

**Issues:**
- No mention of logging access to patient records or sensitive actions.
- No mention of log retention or protection.

**Recommendations:**
- Log all access to patient records and appointment history.
- Log authentication and authorization events.
- Store logs securely (Azure Monitor, SIEM).
- Protect logs from tampering.
- Retain logs per compliance requirements (e.g., HIPAA, GDPR).

---

**7. Compliance Risk**

**Issues:**
- No mention of compliance frameworks (HIPAA, GDPR).
- Risk of non-compliance due to lack of controls.

**Recommendations:**
- Conduct a compliance assessment (HIPAA, GDPR).
- Implement data minimization and retention policies.
- Provide mechanisms for data subject rights (access, deletion).
- Ensure breach notification procedures are in place.
- Train staff on compliance requirements.

---

**Summary Table**

| Area             | Issues                                  | Recommendations                                      |
|------------------|-----------------------------------------|------------------------------------------------------|
| Authentication   | No method, no MFA                       | OAuth2/OIDC, MFA, secure password storage            |
| Authorization    | No RBAC/ABAC                            | RBAC, least privilege, backend enforcement           |
| Secret Mgmt      | No secret storage method                 | Azure Key Vault, rotation, access control            |
| Data Protection  | No encryption                           | Encrypt at rest/in transit, mask sensitive data      |
| API Security     | No validation, rate limiting             | Input validation, rate limiting, API auth, HTTPS     |
| Audit Logging    | No logging                              | Log sensitive access, secure logs, retention policy  |
| Compliance Risk  | No compliance mention                    | HIPAA/GDPR assessment, data minimization, training   |

---

**Conclusion:**  
The current design lacks critical security and compliance controls. Implement the above recommendations to mitigate risks and ensure regulatory compliance for healthcare data."
2026-06-26 15:34:00.257253,02_multi_agent,SecurityAgent,Started,SUCCESS,Agent started review
2026-06-26 15:34:00.257253,02_multi_agent,ComplianceAgent,Started,SUCCESS,Agent started review
2026-06-26 15:34:00.265249,02_multi_agent,ArchitectureAgent,Started,SUCCESS,Agent started review
2026-06-26 15:34:06.695530,02_multi_agent,ComplianceAgent,Completed,SUCCESS,"Compliance Risks

1. Customer Data Handling
   - Risk: Patient records are sensitive health information (PHI/PII). Mishandling can violate HIPAA, GDPR, or local health privacy laws.
   - Risk: Data in transit and at rest may be exposed if not encrypted.
   - Risk: Unauthorized access due to weak authentication or insufficient access controls.

2. Policy Violations
   - Risk: Storing PHI in Redis (cache) may violate policies if Redis is not configured securely (e.g., encryption, access control).
   - Risk: Azure Blob Storage may not be configured for compliance (e.g., access logs, encryption, geo-location restrictions).
   - Risk: FastAPI and React may lack proper logging, audit trails, or session management.

3. Audit Requirements
   - Risk: Lack of audit logging for access, modification, or deletion of patient records.
   - Risk: No mechanism for tracking administrative actions or failed access attempts.

4. Data Retention
   - Risk: No defined retention policy for patient records and appointment history.
   - Risk: Risk of over-retention or premature deletion, violating legal or regulatory requirements.

5. Enterprise Governance
   - Risk: No evidence of role-based access control (RBAC) or least privilege enforcement.
   - Risk: No documented policies for incident response, breach notification, or regular compliance reviews.

Mandatory Controls

1. Customer Data Handling
   - Encrypt all PHI/PII at rest (PostgreSQL, Azure Blob Storage, Redis if used for PHI).
   - Use TLS/SSL for all data in transit (frontend-backend, backend-database, backend-storage).
   - Implement strong authentication (e.g., MFA) and authorization (RBAC) for all users.
   - Ensure FastAPI and React do not expose sensitive data in logs or errors.

2. Policy Violations
   - Configure Redis to avoid storing PHI unless encrypted and access-controlled.
   - Apply Azure Blob Storage security: encryption, access logs, geo-fencing, and private endpoints.
   - Ensure all components comply with relevant healthcare regulations (HIPAA, GDPR, etc.).

3. Audit Requirements
   - Enable audit logging for all access, modification, and deletion of patient records.
   - Store audit logs securely and ensure they are tamper-evident.
   - Regularly review audit logs for suspicious activity.

4. Data Retention
   - Define and document data retention and deletion policies for patient records and appointment history.
   - Implement automated data deletion in accordance with legal/regulatory requirements.
   - Provide mechanisms for patients to request data deletion (where applicable).

5. Enterprise Governance
   - Enforce RBAC and least privilege across all services.
   - Document and regularly review compliance policies and procedures.
   - Establish incident response and breach notification protocols.
   - Conduct regular compliance audits and vulnerability assessments.

Summary:  
Your platform must implement encryption, access controls, audit logging, data retention policies, and governance procedures to comply with healthcare data regulations and enterprise standards. Failure to do so exposes you to regulatory fines, data breaches, and reputational damage."
2026-06-26 15:34:07.954793,02_multi_agent,ArchitectureAgent,Completed,SUCCESS,"**Enterprise-Grade Architecture Review**

**1. Scalability**

- **Frontend (React):** React scales well horizontally. Ensure statelessness and leverage CDN for static assets. Consider SSR or SSG if SEO is needed.
- **Backend (FastAPI):** FastAPI is performant but ensure horizontal scaling via Azure App Service scaling options. Use async endpoints for high concurrency.
- **Database (PostgreSQL):** Azure provides managed PostgreSQL with read replicas and scaling. Monitor for bottlenecks and consider partitioning for large datasets.
- **Cache (Redis):** Redis is suitable for session and frequently accessed data. Use Azure Cache for Redis, enable clustering for high availability and scaling.
- **Blob Storage:** Azure Blob Storage scales automatically. Ensure proper container organization and access policies.
- **Deployment:** Azure App Service supports auto-scaling and rolling deployments. Use staging slots for safe releases.

**2. Maintainability**

- **Codebase:** Enforce modularity in React and FastAPI. Use clear separation of concerns (e.g., services, controllers, repositories).
- **Database Schema:** Use migrations (Alembic for FastAPI) and version control for schema changes.
- **Infrastructure as Code:** Use ARM templates or Terraform for repeatable deployments.
- **Monitoring:** Integrate Azure Monitor and Application Insights for observability.

**3. Layering**

- **Frontend:** UI/UX layer, API client layer.
- **Backend:** API layer, business logic layer, data access layer.
- **Database:** Storage layer, with clear boundaries for patient vs. appointment data.
- **Cache:** Use as a dedicated caching layer, not as primary storage.
- **Blob Storage:** Isolate file storage logic from business logic.

**4. Integration Design**

- **API Contracts:** Use OpenAPI/Swagger for clear API documentation. Version APIs for backward compatibility.
- **Authentication:** Use Azure AD B2C or OAuth2 for secure authentication and authorization.
- **Data Consistency:** Ensure transactional integrity between PostgreSQL and Blob Storage (e.g., rollback file uploads if DB write fails).
- **Third-party Integration:** Plan for HL7/FHIR support if integrating with other healthcare systems.

**5. Failure Handling**

- **Retry Logic:** Implement retries for transient failures (e.g., Redis, Blob Storage).
- **Graceful Degradation:** If cache fails, fallback to DB. If Blob Storage fails, queue uploads for retry.
- **Error Logging:** Centralize logs and alerts via Azure Monitor.
- **Backup & Restore:** Schedule regular DB and Blob Storage backups. Test restore procedures.
- **Circuit Breakers:** Consider for critical external dependencies.

**6. Deployment Readiness**

- **CI/CD:** Use Azure DevOps or GitHub Actions for automated build, test, and deploy pipelines.
- **Environment Separation:** Use separate Azure resources for dev, test, staging, and production.
- **Secrets Management:** Store secrets in Azure Key Vault, not in code or environment variables.
- **Health Checks:** Implement health endpoints for App Service to monitor readiness and liveness.
- **Compliance:** Ensure HIPAA/GDPR compliance for patient data (encryption at rest and in transit, access controls).

---

**Summary Recommendations:**

- Ensure modular, layered architecture for maintainability.
- Leverage Azure native scaling, monitoring, and security features.
- Plan for robust failure handling and disaster recovery.
- Automate deployments and enforce environment separation.
- Document API contracts and integration points.
- Regularly review for compliance and security.

**Next Steps:**  
- Share architecture diagrams and deployment scripts for further review.
- Define SLAs and capacity planning for each component.
- Conduct threat modeling and penetration testing before production launch."
2026-06-26 15:34:08.366787,02_multi_agent,SecurityAgent,Completed,SUCCESS,"**Security Review of Proposed Solution**

**1. Authentication**

**Issues:**
- No mention of authentication method (e.g., OAuth2, OpenID Connect, etc.).
- No mention of password policies, MFA, or session management.
- Risk of weak authentication or session hijacking.

**Recommendations:**
- Use industry-standard authentication (e.g., OAuth2 with OpenID Connect).
- Enforce strong password policies and support MFA for sensitive accounts.
- Use secure session management (e.g., HttpOnly, Secure cookies, short-lived tokens).
- Consider Azure AD integration for enterprise users.

---

**2. Authorization**

**Issues:**
- No details on role-based access control (RBAC) or attribute-based access control (ABAC).
- Potential risk of privilege escalation or unauthorized data access.

**Recommendations:**
- Implement RBAC (e.g., patient, doctor, admin roles).
- Enforce least privilege principle.
- Validate authorization on every API endpoint.
- Use FastAPI’s dependency injection for authorization checks.

---

**3. Secret Management**

**Issues:**
- No mention of how secrets (DB credentials, API keys) are stored.
- Risk of secrets hardcoded in code or exposed in environment variables.

**Recommendations:**
- Use Azure Key Vault for secret management.
- Never store secrets in code or public repositories.
- Rotate secrets regularly and monitor access.

---

**4. Data Protection**

**Issues:**
- No mention of encryption for data at rest or in transit.
- Patient records are highly sensitive (HIPAA/GDPR risk).

**Recommendations:**
- Encrypt data at rest in PostgreSQL and Azure Blob Storage.
- Use TLS 1.2+ for all data in transit (frontend-backend, backend-DB, backend-Blob Storage).
- Consider field-level encryption for highly sensitive data (e.g., SSN, medical history).
- Use secure Redis configuration (disable remote access, enable TLS).

---

**5. API Security**

**Issues:**
- No mention of input validation, rate limiting, or protection against common attacks (e.g., SQLi, XSS, CSRF).
- Risk of API abuse or injection attacks.

**Recommendations:**
- Validate and sanitize all inputs (FastAPI Pydantic models).
- Implement rate limiting (e.g., Azure API Management, Redis).
- Use CSRF protection for state-changing endpoints.
- Return minimal error messages to avoid information leakage.
- Use OpenAPI/Swagger for documentation, but restrict access in production.

---

**6. Audit Logging**

**Issues:**
- No mention of audit logging for sensitive actions (e.g., record access, appointment changes).
- Risk of undetected breaches or compliance violations.

**Recommendations:**
- Log all access to patient records, authentication events, and administrative actions.
- Store logs securely (e.g., Azure Monitor, Log Analytics).
- Ensure logs are immutable and protected from tampering.
- Regularly review and alert on suspicious activity.

---

**7. Compliance Risk**

**Issues:**
- No mention of compliance frameworks (HIPAA, GDPR).
- Risk of regulatory fines or legal action.

**Recommendations:**
- Ensure platform meets HIPAA (US) and GDPR (EU) requirements:
    - Data minimization, consent management, breach notification.
    - Data subject rights (access, erasure).
- Conduct regular compliance audits.
- Document data flows and retention policies.
- Train staff on privacy and security.

---

**Summary Table**

| Area              | Issues                                   | Recommendations                                 |
|-------------------|------------------------------------------|-------------------------------------------------|
| Authentication    | No method, weak policies                 | OAuth2/OIDC, MFA, strong sessions               |
| Authorization     | No RBAC/ABAC                             | RBAC, least privilege, endpoint checks          |
| Secret Management | No secret storage plan                    | Azure Key Vault, no hardcoding, rotation        |
| Data Protection   | No encryption                            | Encrypt at rest/in transit, field-level encrypt |
| API Security      | No validation, rate limiting              | Input validation, rate limiting, CSRF, minimal errors |
| Audit Logging     | No logging plan                          | Log sensitive actions, secure logs, alerting    |
| Compliance Risk   | No compliance mention                    | HIPAA/GDPR, audits, documentation, training     |

---

**Conclusion:**  
The proposed solution lacks critical security controls for a healthcare platform. Immediate action is needed to address authentication, authorization, secret management, data protection, API security, audit logging, and compliance. Failure to do so risks patient privacy, regulatory fines, and reputational damage."
2026-06-26 15:40:00.815394,02_multi_agent,ArchitectureAgent,Started,SUCCESS,Agent started review
2026-06-26 15:40:00.817392,02_multi_agent,SecurityAgent,Started,SUCCESS,Agent started review
2026-06-26 15:40:00.822390,02_multi_agent,ComplianceAgent,Started,SUCCESS,Agent started review
2026-06-26 15:40:09.576120,02_multi_agent,ComplianceAgent,Completed,SUCCESS,"**Compliance Risks:**

1. **Customer Data Handling**
   - **Risk:** Patient records and appointment history are classified as Protected Health Information (PHI) under HIPAA (if US-based) or as special category data under GDPR (if EU-based).
   - **Risk:** Insecure transmission or storage of PHI could lead to data breaches.
   - **Risk:** Inadequate access controls may allow unauthorized access to sensitive data.

2. **Policy Violations**
   - **Risk:** Storing or processing PHI without explicit patient consent or outside permitted jurisdictions may violate privacy laws.
   - **Risk:** Use of third-party services (Azure, Redis) without proper Business Associate Agreements (BAAs) or Data Processing Agreements (DPAs) may breach regulatory requirements.

3. **Audit Requirements**
   - **Risk:** Lack of audit logging for access and modification of patient data may hinder incident investigation and regulatory compliance.
   - **Risk:** Insufficient monitoring of data flows between services (frontend, backend, cache, storage) may obscure unauthorized activities.

4. **Data Retention**
   - **Risk:** Retaining patient data longer than necessary or required by law may violate data minimization principles.
   - **Risk:** Lack of clear data deletion and archival policies may lead to unintentional data exposure.

5. **Enterprise Governance**
   - **Risk:** Absence of documented policies and procedures for data handling, incident response, and user access management may result in non-compliance.
   - **Risk:** Inadequate employee training on data privacy and security.

---

**Mandatory Controls:**

1. **Customer Data Handling**
   - **Data Encryption:** Encrypt PHI at rest (PostgreSQL, Azure Blob Storage) and in transit (TLS for all communications).
   - **Access Controls:** Implement strict role-based access controls (RBAC) for all components (frontend, backend, database, storage).
   - **Data Minimization:** Collect and store only necessary patient data.

2. **Policy Violations**
   - **Legal Agreements:** Ensure BAAs (for HIPAA) or DPAs (for GDPR) are in place with all cloud and third-party providers.
   - **Consent Management:** Obtain and document explicit patient consent for data collection, storage, and processing.
   - **Jurisdictional Controls:** Ensure data residency requirements are met (e.g., data stored in permitted regions).

3. **Audit Requirements**
   - **Audit Logging:** Enable and retain detailed audit logs for all access, modification, and deletion of patient data across all components.
   - **Monitoring:** Implement real-time monitoring and alerting for suspicious activities.

4. **Data Retention**
   - **Retention Policy:** Define and enforce data retention and deletion policies in accordance with legal and regulatory requirements.
   - **Secure Deletion:** Ensure secure deletion of data from all storage and backup systems upon expiry or patient request.

5. **Enterprise Governance**
   - **Policies & Procedures:** Document and regularly review policies for data handling, incident response, and user access.
   - **Training:** Provide regular training to staff on data privacy, security, and compliance obligations.
   - **Periodic Review:** Conduct regular compliance audits and risk assessments.

---

**Summary:**  
The proposed platform must implement robust technical and organizational controls to comply with healthcare data regulations (e.g., HIPAA, GDPR). Key risks include unauthorized access, insufficient auditability, and improper data retention. Mandatory controls include encryption, access management, audit logging, legal agreements with providers, and clear governance policies."
2026-06-26 15:40:09.582117,02_multi_agent,ArchitectureAgent,Completed,SUCCESS,"Certainly! Here’s an enterprise-grade review of your proposed healthcare appointment platform:

---

**1. Scalability**

- **Frontend (React):** React scales well for user interfaces. Ensure statelessness and leverage CDN for static assets. Consider SSR (Server-Side Rendering) or SSG (Static Site Generation) if SEO or performance is critical.
- **Backend (FastAPI):** FastAPI is performant, but horizontal scaling is essential. Use Azure App Service’s autoscaling features. Ensure stateless API design and externalize session/state (e.g., Redis).
- **Database (PostgreSQL):** Azure offers managed PostgreSQL with scaling options. For high throughput, consider read replicas and partitioning. Monitor connections and optimize queries.
- **Redis Cache:** Good for session and frequently accessed data. Ensure Redis is deployed in a clustered mode for high availability and scaling.
- **Blob Storage:** Azure Blob Storage scales automatically. Use proper container organization and access policies.
- **Azure App Service:** Supports autoscaling, but monitor cold start times and resource limits. Use deployment slots for zero-downtime releases.

**2. Maintainability**

- **Codebase:** Enforce modularity and separation of concerns. Use monorepo or polyrepo as appropriate. Adopt CI/CD pipelines for automated testing and deployment.
- **Configuration:** Externalize configuration (e.g., Azure Key Vault, environment variables). Avoid hardcoding secrets.
- **Documentation:** Maintain API contracts (OpenAPI/Swagger), architectural diagrams, and onboarding guides.
- **Monitoring:** Integrate Azure Application Insights for observability. Log errors and performance metrics.

**3. Layering**

- **Frontend:** UI/UX layer, communicates only via API.
- **Backend:** API layer, business logic, validation, orchestration.
- **Database:** Data persistence layer, accessed only by backend.
- **Cache:** Fast data access, session management, decoupled from DB.
- **Storage:** Blob storage for files (e.g., medical records, images), not for transactional data.
- **Deployment:** Separate environments (dev, test, prod), use Azure Resource Groups for isolation.

**4. Integration Design**

- **API Contracts:** Use OpenAPI/Swagger for clear interface definitions. Version APIs for backward compatibility.
- **Authentication:** Use OAuth2/OpenID Connect (Azure AD B2C) for secure user management. Enforce RBAC (Role-Based Access Control).
- **Data Consistency:** Ensure transactional integrity between DB and cache. Use event-driven patterns for async integrations (e.g., appointment reminders).
- **External Services:** Abstract integrations (e.g., SMS/email notifications) via service interfaces.

**5. Failure Handling**

- **Backend:** Implement retries, circuit breakers, and graceful degradation. Return meaningful error codes/messages.
- **Database:** Use connection pooling, monitor for deadlocks, and implement backup/restore strategies.
- **Cache:** Handle cache misses/failures gracefully. Fallback to DB if Redis is unavailable.
- **Blob Storage:** Validate file uploads/downloads, handle timeouts, and implement retry logic.
- **Monitoring:** Alerting for failures, automated recovery scripts, and incident response playbooks.

**6. Deployment Readiness**

- **CI/CD:** Use Azure DevOps or GitHub Actions for build/test/deploy pipelines. Automate infrastructure provisioning (ARM/Bicep/Terraform).
- **Zero Downtime:** Use deployment slots, blue/green deployments, and health checks.
- **Security:** Penetration testing, vulnerability scanning, and compliance checks (HIPAA, GDPR).
- **Backup/Restore:** Automated backups for DB and Blob Storage, test restore procedures.
- **Rollbacks:** Ensure rollback mechanisms for failed deployments.

---

**Summary Recommendations**

- **Scalability:** Design for horizontal scaling, monitor bottlenecks, and use managed services.
- **Maintainability:** Modular code, automated pipelines, and comprehensive documentation.
- **Layering:** Strict separation of concerns, clear interfaces, and environment isolation.
- **Integration:** Secure, versioned APIs, and robust external service abstraction.
- **Failure Handling:** Resilient patterns, monitoring, and automated recovery.
- **Deployment:** Automated, secure, and compliant with enterprise standards.

**Action Items:**  
- Review API security and compliance requirements.  
- Implement robust monitoring and alerting.  
- Automate deployments and infrastructure.  
- Test failure scenarios and recovery processes.

Let me know if you need deeper guidance on any specific area!"
2026-06-26 15:40:09.818123,02_multi_agent,SecurityAgent,Completed,SUCCESS,"Security Review of Proposed Solution

**1. Authentication**

**Issues:**
- No mention of authentication method (e.g., OAuth2, OpenID Connect, custom JWT).
- Risk of weak password policies or insecure storage of credentials.
- Potential lack of multi-factor authentication (MFA), which is recommended for healthcare data.

**Recommendations:**
- Use a robust authentication protocol (e.g., OAuth2 with OpenID Connect).
- Enforce strong password policies and consider MFA for both patients and staff.
- Store credentials securely (e.g., hashed with bcrypt/scrypt).
- Consider Azure AD integration for enterprise users.

---

**2. Authorization**

**Issues:**
- No details on role-based access control (RBAC) or attribute-based access control (ABAC).
- Risk of privilege escalation or unauthorized access to patient records.

**Recommendations:**
- Implement RBAC (e.g., patient, doctor, admin roles).
- Enforce least privilege principle.
- Validate authorization at the API layer, not just in the frontend.
- Regularly review and test authorization rules.

---

**3. Secret Management**

**Issues:**
- No mention of how secrets (DB credentials, API keys) are managed.
- Risk of secrets hardcoded in code or exposed in environment variables.

**Recommendations:**
- Use Azure Key Vault for secret storage and retrieval.
- Rotate secrets regularly.
- Avoid storing secrets in code or public repositories.

---

**4. Data Protection**

**Issues:**
- No mention of encryption for data at rest or in transit.
- Healthcare data is highly sensitive and must be protected.

**Recommendations:**
- Encrypt data at rest in PostgreSQL and Azure Blob Storage.
- Use TLS/SSL for all data in transit (frontend-backend, backend-database, backend-storage).
- Consider field-level encryption for highly sensitive data (e.g., patient identifiers).
- Regularly review encryption configurations.

---

**5. API Security**

**Issues:**
- No mention of API authentication/authorization.
- Risk of exposure to common API vulnerabilities (e.g., injection, broken access control).

**Recommendations:**
- Secure APIs with authentication tokens (e.g., JWT).
- Validate all inputs and outputs (use FastAPI’s validation features).
- Implement rate limiting and logging for API endpoints.
- Use HTTPS for all API traffic.
- Regularly scan APIs for vulnerabilities (e.g., OWASP API Top 10).

---

**6. Audit Logging**

**Issues:**
- No mention of audit logging for access to patient records or sensitive actions.
- Lack of audit logs can hinder incident response and compliance.

**Recommendations:**
- Log all access to patient records and sensitive actions (create, update, delete).
- Store logs securely and ensure integrity (e.g., append-only, tamper-evident).
- Use Azure Monitor or similar for log aggregation and alerting.
- Regularly review logs for suspicious activity.

---

**7. Compliance Risk**

**Issues:**
- No mention of compliance frameworks (e.g., HIPAA, GDPR).
- Healthcare platforms must comply with strict regulations.

**Recommendations:**
- Identify applicable regulations (HIPAA for US, GDPR for EU).
- Ensure data residency and retention policies comply with regulations.
- Conduct regular compliance audits.
- Implement breach notification procedures.
- Document all security controls and policies.

---

**Summary Table**

| Area            | Issues                                   | Recommendations                                      |
|-----------------|------------------------------------------|------------------------------------------------------|
| Authentication  | No method, weak policies, no MFA         | OAuth2/OIDC, strong passwords, MFA, secure storage   |
| Authorization   | No RBAC/ABAC, privilege escalation       | RBAC, least privilege, API-layer enforcement         |
| Secret Mgmt     | No secret handling, risk of exposure     | Azure Key Vault, rotation, no hardcoding             |
| Data Protection | No encryption, sensitive data risk        | Encrypt at rest/in transit, field-level encryption   |
| API Security    | No API auth, common vulnerabilities      | JWT, input validation, rate limiting, HTTPS          |
| Audit Logging   | No logging, incident response risk       | Log sensitive actions, secure logs, regular review   |
| Compliance      | No framework, regulatory risk            | HIPAA/GDPR, audits, breach notification, documentation|

---

**Next Steps:**
- Address each recommendation before production.
- Conduct security testing (penetration tests, vulnerability scans).
- Engage legal/compliance experts for regulatory requirements.

Let me know if you need detailed implementation guidance for any area."
